{"cameraMode":{"drawMode":0,"name":"Shaded","section":"Shading Mode"},"sceneLighting":false,"audioPlay":false,"sceneViewState":{"m_AlwaysRefresh":false,"showFog":true,"showSkybox":false,"showFlares":true,"showImageEffects":true,"showParticleSystems":true,"showVisualEffectGraphs":true,"m_FxEnabled":true},"in2DMode":false,"pivot":{"x":-0.6701539158821106,"y":0.01822618953883648,"z":0.5471704602241516},"rotation":{"x":0.06454791128635407,"y":-0.7468329071998596,"z":0.07327983528375626,"w":0.6578128933906555},"size":0.8022965788841248,"orthographic":false}