{"cameraMode":{"drawMode":0,"name":"Shaded","section":"Shading Mode"},"sceneLighting":false,"audioPlay":false,"sceneViewState":{"m_AlwaysRefresh":false,"showFog":true,"showSkybox":false,"showFlares":true,"showImageEffects":true,"showParticleSystems":true,"showVisualEffectGraphs":true,"m_FxEnabled":true},"in2DMode":false,"pivot":{"x":-0.7277328968048096,"y":0.06430356949567795,"z":0.8726892471313477},"rotation":{"x":0.08812764286994934,"y":-0.8587932586669922,"z":0.15787962079048158,"w":0.47936734557151797},"size":0.8022965788841248,"orthographic":false}