{"cameraMode":{"drawMode":0,"name":"Shaded","section":"Shading Mode"},"sceneLighting":true,"audioPlay":false,"sceneViewState":{"m_AlwaysRefresh":false,"showFog":true,"showSkybox":true,"showFlares":true,"showImageEffects":true,"showParticleSystems":true,"showVisualEffectGraphs":true,"m_FxEnabled":true},"in2DMode":false,"pivot":{"x":121.2240219116211,"y":-113.04988861083985,"z":256.0620422363281},"rotation":{"x":0.1862461268901825,"y":0.2204262763261795,"z":-0.042921192944049838,"w":0.9565039873123169},"size":161.84750366210938,"orthographic":false}