{"cameraMode":{"drawMode":0,"name":"Shaded","section":"Shading Mode"},"sceneLighting":false,"audioPlay":false,"sceneViewState":{"m_AlwaysRefresh":false,"showFog":true,"showSkybox":false,"showFlares":true,"showImageEffects":true,"showParticleSystems":true,"showVisualEffectGraphs":true,"m_FxEnabled":true},"in2DMode":false,"pivot":{"x":0.27704474329948428,"y":-0.25924649834632876,"z":0.13855382800102235},"rotation":{"x":-0.016119210049510003,"y":0.9837798476219177,"z":-0.11893218755722046,"w":-0.13332295417785645},"size":0.49814072251319888,"orthographic":false}